course id,course name,credits,moed a,moed b,lecturer
10000,OOP,5,15/8/2025,20/8/2025,dr.yael
10001,Algebra 1 ,5,1/5/2025,5/6/2025,prof.emil
10002, Calculus 1,5,1/1/2025,5/2/2025,dr.alex
10003,VHDL,3.5,8/1/2025,2/2/2025,dr.fadel
10004,Logic Design ,2.5,1/1/2025,5/2/2025,dr.ofer
10005,Microprocessors ,4,6/6/2025,6/7/2025,dr.pini
10006,Physics 3,4,6/5/2025,6/7/2025,dr.said
10007,DSP,3,12/6/2025,6/7/2025,dr.yael
10008,Microcontrollers ,4,25/6/2025,6/7/2025,dr.fadel
10009,Deep Learning,3.5,30/7/2025,6/8/2025,dr.amir
10010,Operating Systems,3,1/7/2025,6/7/2025,dr.rephael
10011,image proccecing ,4,7/7/2025,20/7/2025,dr.Samuel
10012,board design,4.5,12/5/2025,27/5/2025,prof.sani
10013,vlsi,4.5,1/5/2025,20/5/2025,prof.rizik
