schedule_id,lesson_type,course_id,day,start_hour,duration,room,teacher,group_id
1,Lecture,10013,Sunday,10:30,3,S228,prof.rizik,1
1,Tutorial,10013,Thursday,17:50,1,S228,prof.rizik,2
1,Lab,10013,Wednesday,8:30,3,S228,prof.busa,3
1,Lecture,10000,Thursday,13:50,2,EM306,dr.yael,1
1,Lab,10000,Sunday,15:50,2,EM306,dr.yael,2
1,Tutorial,10001,Sunday,18:50,1,EM303,prof.emil,3
1,Lecture,10002,Thursday,15:50,3,EM302,dr.ilena,2
1,Tutorial,10005,Sunday,16:50,1,EM304,dr.pini,2
1,Lab,10005,Sunday,17:50,2,EM304,dr.pini,3
1,Lecture,10007,Monday,17:50,3,L705,dr.yael,1
1,Tutorial,10007,Sunday,18:50,2,M212,dr.ran,2
1,Lecture,10010,Sunday,13:50,3,M204,dr.rephael,1
1,Lab,10010,Sunday,16:50,2,M204,dr.rephael,2
1,Lab,10010,Wednesday,8:30,2,EM100,dr.rephael,3
1,Lecture,10006,Monday,10:30,2,P314,dr.said,1
1,Lab,10006,Sunday,10:30,2,P314,mr.amnon,3
1,Lecture,10004,Tuesday,12:50,2,EM101,dr.ofer,1
2,Lab,10012,Thursday,15:50,2,R228,prof.busa,3
2,Tutorial,10012,Thursday,18:50,1,R228,prof.sani,2
2,Lecture,10012,Monday,16:50,2,R228,prof.sani,1
2,Lecture,10013,Sunday,10:30,3,S228,prof.rizik,1
2,Tutorial,10013,Thursday,17:50,1,S228,prof.rizik,2
2,Lab,10013,Wednesday,8:30,3,S228,prof.busa,3
2,Lecture,10003,Sunday,13:50,2,EM204,dr.fadel,1
2,Tutorial,10003,Wednesday,17:50,3,EM103,dr.fadel,2
2,Lab,10003,Sunday,8:30,3,EM204,Mr.oren,3
