{
	"partitions" : [
		{
			"name" : "Top",
			"pins" : [
				{
					"name" : "SRAM_A[0]",
					"strict" : false
				},
				{
					"name" : "SRAM_A[1]",
					"strict" : false
				},
				{
					"name" : "SRAM_A[2]",
					"strict" : false
				},
				{
					"name" : "SRAM_A[3]",
					"strict" : false
				},
				{
					"name" : "SRAM_A[4]",
					"strict" : false
				},
				{
					"name" : "SRAM_A[5]",
					"strict" : false
				},
				{
					"name" : "SRAM_A[6]",
					"strict" : false
				},
				{
					"name" : "SRAM_A[7]",
					"strict" : false
				},
				{
					"name" : "SRAM_A[8]",
					"strict" : false
				},
				{
					"name" : "SRAM_A[9]",
					"strict" : false
				},
				{
					"name" : "SRAM_A[10]",
					"strict" : false
				},
				{
					"name" : "SRAM_A[11]",
					"strict" : false
				},
				{
					"name" : "SRAM_A[12]",
					"strict" : false
				},
				{
					"name" : "SRAM_A[13]",
					"strict" : false
				},
				{
					"name" : "SRAM_A[14]",
					"strict" : false
				},
				{
					"name" : "SRAM_A[15]",
					"strict" : false
				},
				{
					"name" : "SRAM_A[16]",
					"strict" : false
				},
				{
					"name" : "SRAM_A[17]",
					"strict" : false
				},
				{
					"name" : "HDMI_TX[0]",
					"strict" : false
				},
				{
					"name" : "HDMI_TX[1]",
					"strict" : false
				},
				{
					"name" : "HDMI_TX[2]",
					"strict" : false
				},
				{
					"name" : "HDMI_TX[3]",
					"strict" : false
				},
				{
					"name" : "HDMI_TX[4]",
					"strict" : false
				},
				{
					"name" : "HDMI_TX[5]",
					"strict" : false
				},
				{
					"name" : "HDMI_TX[6]",
					"strict" : false
				},
				{
					"name" : "HDMI_TX[7]",
					"strict" : false
				},
				{
					"name" : "HDMI_TX[8]",
					"strict" : false
				},
				{
					"name" : "HDMI_TX[9]",
					"strict" : false
				},
				{
					"name" : "HDMI_TX[10]",
					"strict" : false
				},
				{
					"name" : "HDMI_TX[11]",
					"strict" : false
				},
				{
					"name" : "HDMI_TX[12]",
					"strict" : false
				},
				{
					"name" : "HDMI_TX[13]",
					"strict" : false
				},
				{
					"name" : "HDMI_TX[14]",
					"strict" : false
				},
				{
					"name" : "HDMI_TX[15]",
					"strict" : false
				},
				{
					"name" : "HDMI_TX[16]",
					"strict" : false
				},
				{
					"name" : "HDMI_TX[17]",
					"strict" : false
				},
				{
					"name" : "HDMI_TX[18]",
					"strict" : false
				},
				{
					"name" : "HDMI_TX[19]",
					"strict" : false
				},
				{
					"name" : "HDMI_TX[20]",
					"strict" : false
				},
				{
					"name" : "HDMI_TX[21]",
					"strict" : false
				},
				{
					"name" : "HDMI_TX[22]",
					"strict" : false
				},
				{
					"name" : "HDMI_TX[23]",
					"strict" : false
				},
				{
					"name" : "HDMI_TX_DE",
					"strict" : false
				},
				{
					"name" : "HDMI_TX_HS",
					"strict" : false
				},
				{
					"name" : "HDMI_TX_VS",
					"strict" : false
				},
				{
					"name" : "HEX1[0]",
					"strict" : false
				},
				{
					"name" : "HEX1[1]",
					"strict" : false
				},
				{
					"name" : "HEX1[2]",
					"strict" : false
				},
				{
					"name" : "HEX1[3]",
					"strict" : false
				},
				{
					"name" : "HEX1[4]",
					"strict" : false
				},
				{
					"name" : "HEX1[5]",
					"strict" : false
				},
				{
					"name" : "HEX1[6]",
					"strict" : false
				},
				{
					"name" : "HEX2[0]",
					"strict" : false
				},
				{
					"name" : "HEX2[1]",
					"strict" : false
				},
				{
					"name" : "HEX2[2]",
					"strict" : false
				},
				{
					"name" : "HEX2[3]",
					"strict" : false
				},
				{
					"name" : "HEX2[4]",
					"strict" : false
				},
				{
					"name" : "HEX2[5]",
					"strict" : false
				},
				{
					"name" : "HEX2[6]",
					"strict" : false
				},
				{
					"name" : "SW_MODE",
					"strict" : false
				},
				{
					"name" : "SW_IMAGE_ENA",
					"strict" : false
				},
				{
					"name" : "SRAM_D[10]",
					"strict" : false
				},
				{
					"name" : "SRAM_D[9]",
					"strict" : false
				},
				{
					"name" : "SRAM_D[8]",
					"strict" : false
				},
				{
					"name" : "SRAM_D[7]",
					"strict" : false
				},
				{
					"name" : "SRAM_D[6]",
					"strict" : false
				},
				{
					"name" : "SRAM_D[5]",
					"strict" : false
				},
				{
					"name" : "SW_ROTATION_DIR",
					"strict" : false
				},
				{
					"name" : "KEY_ROTATE",
					"strict" : false
				},
				{
					"name" : "SRAM_D[15]",
					"strict" : false
				},
				{
					"name" : "SRAM_D[14]",
					"strict" : false
				},
				{
					"name" : "SRAM_D[13]",
					"strict" : false
				},
				{
					"name" : "SRAM_D[12]",
					"strict" : false
				},
				{
					"name" : "SRAM_D[11]",
					"strict" : false
				},
				{
					"name" : "SRAM_D[4]",
					"strict" : false
				},
				{
					"name" : "SRAM_D[3]",
					"strict" : false
				},
				{
					"name" : "SRAM_D[2]",
					"strict" : false
				},
				{
					"name" : "SRAM_D[1]",
					"strict" : false
				},
				{
					"name" : "SRAM_D[0]",
					"strict" : false
				}
			]
		}
	]
}